{
  "Provider": "aws",
  "CheckID": "cloudtrail_insights_exist",
  "CheckTitle": "Ensure CloudTrail Insight is enabled",
  "CheckType": [
    "Software and Configuration Checks",
    "Industry and Regulatory Standards",
    "CIS AWS Foundations Benchmark"
  ],
  "ServiceName": "cloudtrail",
  "SubServiceName": "",
  "ResourceIdTemplate": "arn:partition:service:region:account-id:resource-id",
  "Severity": "low",
  "ResourceType": "AwsCloudTrailTrail",
  "Description": "Ensure CloudTrail Insight is enabled",
  "Risk": "CloudTrail Insights provides a powerful way to search and analyze CloudTrail log data using pre-built queries and machine learning algorithms. This can help you to identify potential security threats and suspicious activity in near real-time, such as unauthorized access attempts, policy changes, or resource modifications.",
  "RelatedUrl": "",
  "Remediation": {
    "Code": {
      "CLI": "",
      "NativeIaC": "",
      "Other": "",
      "Terraform": ""
    },
    "Recommendation": {
      "Text": "Enable CloudTrail Insight",
      "Url": "https://docs.aws.amazon.com/awscloudtrail/latest/userguide/logging-insights-events-with-cloudtrail.html"
    }
  },
  "Categories": [
    "forensics-ready"
  ],
  "DependsOn": [],
  "RelatedTo": [],
  "Notes": ""
}
