{
  "Provider": "aws",
  "CheckID": "ec2_instance_detailed_monitoring_enabled",
  "CheckTitle": "Check if EC2 instances have detailed monitoring enabled.",
  "CheckType": [
    "Infrastructure Security"
  ],
  "ServiceName": "ec2",
  "SubServiceName": "",
  "ResourceIdTemplate": "arn:partition:service:region:account-id:resource-id",
  "Severity": "low",
  "ResourceType": "AwsEc2Instance",
  "Description": "Check if EC2 instances have detailed monitoring enabled.",
  "Risk": "Enabling detailed monitoring provides enhanced monitoring and granular insights into EC2 instance metrics. Not having detailed monitoring enabled may limit the ability to troubleshoot performance issues effectively.",
  "RelatedUrl": "https://docs.aws.amazon.com/AWSEC2/latest/UserGuide/using-cloudwatch-new.html",
  "Remediation": {
    "Code": {
      "CLI": "https://www.trendmicro.com/cloudoneconformity/knowledge-base/aws/EC2/instance-detailed-monitoring.html",
      "NativeIaC": "https://www.trendmicro.com/cloudoneconformity/knowledge-base/aws/EC2/instance-detailed-monitoring.html",
      "Other": "https://docs.aws.amazon.com/AWSEC2/latest/UserGuide/using-cloudwatch-new.html#enable-detailed-monitoring-instance",
      "Terraform": "https://docs.prowler.com/checks/aws/logging-policies/ensure-that-detailed-monitoring-is-enabled-for-ec2-instances#terraform"
    },
    "Recommendation": {
      "Text": "Enable detailed monitoring for EC2 instances to gain better insights into performance metrics.",
      "Url": "https://docs.aws.amazon.com/AWSEC2/latest/UserGuide/using-cloudwatch-new.html#enable-detailed-monitoring-instance"
    }
  },
  "Categories": [],
  "DependsOn": [],
  "RelatedTo": [],
  "Notes": ""
}
