{
  "Provider": "aws",
  "CheckID": "codebuild_project_older_90_days",
  "CheckTitle": "Ensure CodeBuild Project has been invoked in the last 90 days",
  "CheckType": [
    "Software and Configuration Checks",
    "Industry and Regulatory Standards"
  ],
  "ServiceName": "codebuild",
  "SubServiceName": "",
  "ResourceIdTemplate": "arn:partition:service:region:account-id:resource-id",
  "Severity": "medium",
  "ResourceType": "AwsCodeBuildProject",
  "Description": "Ensure CodeBuild Project has been invoked in the last 90 days",
  "Risk": "Older CodeBuild projects can be checked to see if they are currently in use.",
  "RelatedUrl": "",
  "Remediation": {
    "Code": {
      "CLI": "",
      "NativeIaC": "",
      "Other": "",
      "Terraform": ""
    },
    "Recommendation": {
      "Text": "Check if CodeBuild project are really in use and remove the stale ones",
      "Url": "https://docs.aws.amazon.com/codebuild/latest/userguide/delete-project.html"
    }
  },
  "Categories": [],
  "DependsOn": [],
  "RelatedTo": [],
  "Notes": ""
}
