{
  "Provider": "aws",
  "CheckID": "directoryservice_directory_monitor_notifications",
  "CheckTitle": "Directory Service has SNS Notifications enabled.",
  "CheckType": [],
  "ServiceName": "directoryservice",
  "SubServiceName": "",
  "ResourceIdTemplate": "arn:partition:codeartifact:region:account-id:directory/directory-id",
  "Severity": "medium",
  "ResourceType": "AwsDirectoryService",
  "Description": "Directory Service has SNS Notifications enabled.",
  "Risk": "As a best practice, monitor status of Directory Service. This helps to avoid late actions to fix Directory Service issues.",
  "RelatedUrl": "https://docs.aws.amazon.com/directoryservice/latest/admin-guide/ms_ad_enable_notifications.html",
  "Remediation": {
    "Code": {
      "CLI": "",
      "NativeIaC": "",
      "Other": "",
      "Terraform": ""
    },
    "Recommendation": {
      "Text": "It is recommended set up SNS messaging to send email or text messages when the status of your directory changes.",
      "Url": "https://docs.aws.amazon.com/directoryservice/latest/admin-guide/ms_ad_enable_notifications.html"
    }
  },
  "Categories": [],
  "DependsOn": [],
  "RelatedTo": [],
  "Notes": ""
}
