{
  "Provider": "aws",
  "CheckID": "ec2_ebs_snapshots_encrypted",
  "CheckTitle": "Check if EBS snapshots are encrypted.",
  "CheckType": [
    "Data Protection"
  ],
  "ServiceName": "ec2",
  "SubServiceName": "snapshot",
  "ResourceIdTemplate": "arn:partition:service:region:account-id:resource-id",
  "Severity": "medium",
  "ResourceType": "AwsEc2Snapshot",
  "Description": "Check if EBS snapshots are encrypted.",
  "Risk": "Data encryption at rest prevents data visibility in the event of its unauthorized access or theft.",
  "RelatedUrl": "",
  "Remediation": {
    "Code": {
      "CLI": "aws ec2 --region <REGION> enable-ebs-encryption-by-default",
      "NativeIaC": "https://docs.prowler.com/checks/aws/general-policies/general_3-encrypt-ebs-volume#cloudformation",
      "Other": "https://docs.prowler.com/checks/aws/general-policies/general_3-encrypt-ebs-volume#aws-console",
      "Terraform": "https://docs.prowler.com/checks/aws/general-policies/general_3-encrypt-ebs-volume#terraform"
    },
    "Recommendation": {
      "Text": "Encrypt all EBS Snapshot and Enable Encryption by default. You can configure your AWS account to enforce the encryption of the new EBS volumes and snapshot copies that you create. For example, Amazon EBS encrypts the EBS volumes created when you launch an instance and the snapshots that you copy from an unencrypted snapshot.",
      "Url": "https://docs.aws.amazon.com/AWSEC2/latest/UserGuide/EBSEncryption.html#encryption-by-default"
    }
  },
  "Categories": [
    "encryption"
  ],
  "DependsOn": [],
  "RelatedTo": [],
  "Notes": ""
}
