{
  "Provider": "aws",
  "CheckID": "cloudtrail_logs_s3_bucket_access_logging_enabled",
  "CheckTitle": "Ensure S3 bucket access logging is enabled on the CloudTrail S3 bucket",
  "CheckType": [
    "Software and Configuration Checks",
    "Industry and Regulatory Standards",
    "CIS AWS Foundations Benchmark"
  ],
  "ServiceName": "cloudtrail",
  "SubServiceName": "",
  "ResourceIdTemplate": "arn:partition:service:region:account-id:resource-id",
  "Severity": "medium",
  "ResourceType": "AwsCloudTrailTrail",
  "Description": "Ensure S3 bucket access logging is enabled on the CloudTrail S3 bucket",
  "Risk": "Server access logs can assist you in security and access audits, help you learn about your customer base, and understand your Amazon S3 bill.",
  "RelatedUrl": "",
  "Remediation": {
    "Code": {
      "CLI": "",
      "NativeIaC": "",
      "Other": "https://docs.prowler.com/checks/aws/logging-policies/logging_6#aws-console",
      "Terraform": ""
    },
    "Recommendation": {
      "Text": "Ensure that S3 buckets have Logging enabled. CloudTrail data events can be used in place of S3 bucket logging. If that is the case, this finding can be considered a false positive.",
      "Url": "https://docs.aws.amazon.com/AmazonS3/latest/dev/security-best-practices.html"
    }
  },
  "Categories": [
    "forensics-ready"
  ],
  "DependsOn": [],
  "RelatedTo": [],
  "Notes": ""
}
