{
  "Provider": "aws",
  "CheckID": "dynamodb_tables_kms_cmk_encryption_enabled",
  "CheckTitle": "Check if DynamoDB table has encryption at rest enabled using CMK KMS.",
  "CheckType": [
    "Software and Configuration Checks/Industry and Regulatory Standards/CIS AWS Foundations Benchmark"
  ],
  "ServiceName": "dynamodb",
  "SubServiceName": "",
  "ResourceIdTemplate": "arn:partition:dynamodb:region:account-id:table/resource-id",
  "Severity": "medium",
  "ResourceType": "AwsDynamoDBTable",
  "Description": "Check if DynamoDB table has encryption at rest enabled using CMK KMS.",
  "Risk": "All user data stored in Amazon DynamoDB is fully encrypted at rest. This functionality helps reduce the operational burden and complexity involved in protecting sensitive data.",
  "RelatedUrl": "https://docs.aws.amazon.com/amazondynamodbdb/latest/developerguide/EncryptionAtRest.html",
  "Remediation": {
    "Code": {
      "CLI": "",
      "NativeIaC": "",
      "Other": "",
      "Terraform": "https://docs.prowler.com/checks/aws/general-policies/ensure-that-dynamodb-tables-are-encrypted#terraform"
    },
    "Recommendation": {
      "Text": "Specify an encryption key when you create a new table or switch the encryption keys on an existing table by using the AWS Management Console.",
      "Url": "https://docs.aws.amazon.com/amazondynamodbdb/latest/developerguide/EncryptionAtRest.html"
    }
  },
  "Categories": [
    "encryption"
  ],
  "DependsOn": [],
  "RelatedTo": [],
  "Notes": "Data Protection"
}
