{
  "Provider": "aws",
  "CheckID": "awslambda_function_invoke_api_operations_cloudtrail_logging_enabled",
  "CheckTitle": "Check if Lambda functions invoke API operations are being recorded by CloudTrail.",
  "CheckType": [],
  "ServiceName": "lambda",
  "SubServiceName": "",
  "ResourceIdTemplate": "arn:partition:lambda:region:account-id:function/function-name",
  "Severity": "low",
  "ResourceType": "AwsLambdaFunction",
  "Description": "Check if Lambda functions invoke API operations are being recorded by CloudTrail.",
  "Risk": "If logs are not enabled, monitoring of service use and threat analysis is not possible.",
  "RelatedUrl": "https://docs.aws.amazon.com/lambda/latest/dg/logging-using-cloudtrail.html",
  "Remediation": {
    "Code": {
      "CLI": "",
      "NativeIaC": "",
      "Other": "",
      "Terraform": ""
    },
    "Recommendation": {
      "Text": "Make sure you are logging information about Lambda operations. Create a lifecycle and use cases for each trail.",
      "Url": "https://docs.aws.amazon.com/lambda/latest/dg/logging-using-cloudtrail.html"
    }
  },
  "Categories": [
    "forensics-ready"
  ],
  "DependsOn": [],
  "RelatedTo": [],
  "Notes": ""
}
