{
  "Provider": "aws",
  "CheckID": "cloudformation_stack_outputs_find_secrets",
  "CheckTitle": "Find secrets in CloudFormation outputs",
  "CheckType": [],
  "ServiceName": "cloudformation",
  "SubServiceName": "",
  "ResourceIdTemplate": "arn:partition:cloudformation:region:account-id:stack/resource-id",
  "Severity": "critical",
  "ResourceType": "AwsCloudFormationStack",
  "Description": "Find secrets in CloudFormation outputs",
  "Risk": "Secrets hardcoded into CloudFormation outputs can be used by malware and bad actors to gain lateral access to other services.",
  "RelatedUrl": "https://docs.aws.amazon.com/AWSCloudFormation/latest/UserGuide/outputs-section-structure.html",
  "Remediation": {
    "Code": {
      "CLI": "https://docs.prowler.com/checks/aws/secrets-policies/bc_aws_secrets_2#cli-command",
      "NativeIaC": "",
      "Other": "",
      "Terraform": ""
    },
    "Recommendation": {
      "Text": "Implement automated detective control to scan accounts for passwords and secrets. Use secrets manager service to store and retrieve passwords and secrets.",
      "Url": "https://docs.aws.amazon.com/AWSCloudFormation/latest/UserGuide/aws-properties-secretsmanager-secret-generatesecretstring.html"
    }
  },
  "Categories": [
    "secrets"
  ],
  "DependsOn": [],
  "RelatedTo": [],
  "Notes": "Infrastructure Protection"
}
