{
  "Provider": "aws",
  "CheckID": "ec2_instance_managed_by_ssm",
  "CheckTitle": "Check if EC2 instances are managed by Systems Manager.",
  "CheckType": [
    "Infrastructure Security"
  ],
  "ServiceName": "ec2",
  "SubServiceName": "instance",
  "ResourceIdTemplate": "arn:partition:service:region:account-id:resource-id",
  "Severity": "medium",
  "ResourceType": "AwsEc2Instance",
  "Description": "Check if EC2 instances are managed by Systems Manager.",
  "Risk": "AWS Config provides AWS Managed Rules, which are predefined, customizable rules that AWS Config uses to evaluate whether your AWS resource configurations comply with common best practices.",
  "RelatedUrl": "",
  "Remediation": {
    "Code": {
      "CLI": "",
      "NativeIaC": "",
      "Other": "https://www.trendmicro.com/cloudoneconformity/knowledge-base/aws/SSM/ssm-managed-instances.html",
      "Terraform": ""
    },
    "Recommendation": {
      "Text": "Verify and apply Systems Manager Prerequisites.",
      "Url": "https://docs.aws.amazon.com/systems-manager/latest/userguide/managed_instances.html"
    }
  },
  "Categories": [],
  "DependsOn": [],
  "RelatedTo": [],
  "Notes": ""
}
