{
  "Provider": "aws",
  "CheckID": "ec2_instance_older_than_specific_days",
  "CheckTitle": "Check EC2 Instances older than specific days.",
  "CheckType": [
    "Infrastructure Security"
  ],
  "ServiceName": "ec2",
  "SubServiceName": "",
  "ResourceIdTemplate": "arn:partition:service:region:account-id:resource-id",
  "Severity": "medium",
  "ResourceType": "AwsEc2Instance",
  "Description": "Check EC2 Instances older than specific days.",
  "Risk": "Having old instances within your AWS account could increase the risk of having vulnerable software.",
  "RelatedUrl": "",
  "Remediation": {
    "Code": {
      "CLI": "",
      "NativeIaC": "",
      "Other": "https://www.trendmicro.com/cloudoneconformity/knowledge-base/aws/EC2/ec2-instance-too-old.html",
      "Terraform": ""
    },
    "Recommendation": {
      "Text": "Check if software running in the instance is up to date and patched accordingly. Use AWS Systems Manager to patch instances and view patching compliance information.",
      "Url": "https://docs.aws.amazon.com/systems-manager/latest/userguide/viewing-patch-compliance-results.html"
    }
  },
  "Categories": [],
  "DependsOn": [],
  "RelatedTo": [],
  "Notes": ""
}
