{
  "Provider": "aws",
  "CheckID": "apigateway_restapi_logging_enabled",
  "CheckTitle": "Check if API Gateway Stage has logging enabled.",
  "CheckAliases": [
    "apigateway_logging_enabled"
  ],
  "CheckType": [
    "Logging and Monitoring"
  ],
  "ServiceName": "apigateway",
  "SubServiceName": "rest_api",
  "ResourceIdTemplate": "arn:partition:service:region:account-id:resource-id",
  "Severity": "medium",
  "ResourceType": "AwsApiGatewayStage",
  "Description": "Check if API Gateway Stage has logging enabled.",
  "Risk": "If not enabled, monitoring of service use is not possible. Real-time monitoring of API calls can be achieved by directing CloudTrail Logs to CloudWatch Logs and establishing corresponding metric filters and alarms.",
  "RelatedUrl": "",
  "Remediation": {
    "Code": {
      "CLI": "",
      "NativeIaC": "",
      "Other": "",
      "Terraform": "https://docs.prowler.com/checks/aws/logging-policies/ensure-api-gateway-stage-have-logging-level-defined-as-appropiate#terraform"
    },
    "Recommendation": {
      "Text": "Monitoring is an important part of maintaining the reliability, availability and performance of API Gateway and your AWS solutions. You should collect monitoring data from all of the parts of your AWS solution. CloudTrail provides a record of actions taken by a user, role, or an AWS service in API Gateway. Using the information collected by CloudTrail, you can determine the request that was made to API Gateway, the IP address from which the request was made, who made the request, etc.",
      "Url": "https://docs.aws.amazon.com/apigateway/latest/developerguide/security-monitoring.html"
    }
  },
  "Categories": [
    "forensics-ready"
  ],
  "DependsOn": [],
  "RelatedTo": [],
  "Notes": ""
}
