{
  "Provider": "aws",
  "CheckID": "ec2_instance_internet_facing_with_instance_profile",
  "CheckTitle": "Check for internet facing EC2 instances with Instance Profiles attached.",
  "CheckType": [
    "Infrastructure Security"
  ],
  "ServiceName": "ec2",
  "SubServiceName": "",
  "ResourceIdTemplate": "arn:partition:service:region:account-id:resource-id",
  "Severity": "medium",
  "ResourceType": "AwsEc2Instance",
  "Description": "Check for internet facing EC2 instances with Instance Profiles attached.",
  "Risk": "Exposing an EC2 directly to internet increases the attack surface and therefore the risk of compromise.",
  "RelatedUrl": "",
  "Remediation": {
    "Code": {
      "CLI": "",
      "NativeIaC": "",
      "Other": "",
      "Terraform": ""
    },
    "Recommendation": {
      "Text": "Use an ALB and apply WAF ACL.",
      "Url": "https://aws.amazon.com/blogs/aws/aws-web-application-firewall-waf-for-application-load-balancers/"
    }
  },
  "Categories": [
    "internet-exposed"
  ],
  "DependsOn": [],
  "RelatedTo": [],
  "Notes": ""
}
