{
  "Provider": "aws",
  "CheckID": "apigateway_restapi_waf_acl_attached",
  "CheckTitle": "Check if API Gateway Stage has a WAF ACL attached.",
  "CheckAliases": [
    "apigateway_waf_acl_attached"
  ],
  "CheckType": [
    "Infrastructure Security"
  ],
  "ServiceName": "apigateway",
  "SubServiceName": "rest_api",
  "ResourceIdTemplate": "arn:partition:service:region:account-id:resource-id",
  "Severity": "medium",
  "ResourceType": "AwsApiGatewayStage",
  "Description": "Check if API Gateway Stage has a WAF ACL attached.",
  "Risk": "Potential attacks and / or abuse of service, more even for even for internet reachable services.",
  "RelatedUrl": "",
  "Remediation": {
    "Code": {
      "CLI": "",
      "NativeIaC": "",
      "Other": "",
      "Terraform": ""
    },
    "Recommendation": {
      "Text": "Use AWS WAF to protect your API Gateway API from common web exploits, such as SQL injection and cross-site scripting (XSS) attacks. These could affect API availability and performance, compromise security or consume excessive resources.",
      "Url": "https://docs.aws.amazon.com/apigateway/latest/developerguide/security-monitoring.html"
    }
  },
  "Categories": [],
  "DependsOn": [],
  "RelatedTo": [],
  "Notes": ""
}
