{
  "Provider": "aws",
  "CheckID": "ec2_ebs_public_snapshot",
  "CheckTitle": "Ensure there are no EBS Snapshots set as Public.",
  "CheckType": [
    "Data Protection"
  ],
  "ServiceName": "ec2",
  "SubServiceName": "snapshot",
  "ResourceIdTemplate": "arn:partition:service:region:account-id:resource-id",
  "Severity": "critical",
  "ResourceType": "AwsEc2Snapshot",
  "Description": "Ensure there are no EBS Snapshots set as Public.",
  "Risk": "When you share a snapshot, you are giving others access to all of the data on the snapshot. Share snapshots only with people with whom you want to share all of your snapshot data.",
  "RelatedUrl": "",
  "Remediation": {
    "Code": {
      "CLI": "https://docs.prowler.com/checks/aws/public-policies/public_7#cli-command",
      "NativeIaC": "",
      "Other": "https://docs.prowler.com/checks/aws/public-policies/public_7#aws-console",
      "Terraform": ""
    },
    "Recommendation": {
      "Text": "Ensure the snapshot should be shared.",
      "Url": "https://docs.aws.amazon.com/AWSEC2/latest/UserGuide/ebs-modifying-snapshot-permissions.html"
    }
  },
  "Categories": [
    "internet-exposed"
  ],
  "DependsOn": [],
  "RelatedTo": [],
  "Notes": ""
}
