{
  "Provider": "aws",
  "CheckID": "documentdb_instance_storage_encrypted",
  "CheckTitle": "Check if DocumentDB instances storage is encrypted.",
  "CheckType": [
    "Data Protection"
  ],
  "ServiceName": "documentdb",
  "SubServiceName": "",
  "ResourceIdTemplate": "arn:partition:service:region:account-id:resource-id",
  "Severity": "medium",
  "ResourceType": "AwsDocDbInstance",
  "Description": "Check if DocumentDB instances storage is encrypted.",
  "Risk": "If not enabled sensitive information at rest is not protected.",
  "RelatedUrl": "https://www.trendmicro.com/cloudoneconformity-staging/knowledge-base/aws/DocumentDB/encryption-enabled.html",
  "Remediation": {
    "Code": {
      "CLI": "aws docdb create-db-cluster --db-cluster-identifier <db_cluster_id> --port 27017 --engine docdb --master-username <yourMasterUsername> --master-user-password <yourMasterPassword> --storage-encrypted",
      "NativeIaC": "",
      "Other": "https://www.trendmicro.com/cloudoneconformity-staging/knowledge-base/aws/DocumentDB/encryption-enabled.html",
      "Terraform": "https://docs.prowler.com/checks/aws/general-policies/bc_aws_general_28#terraform"
    },
    "Recommendation": {
      "Text": "Enable Encryption. Use a CMK where possible. It will provide additional management and privacy benefits.",
      "Url": "https://www.trendmicro.com/cloudoneconformity-staging/knowledge-base/aws/DocumentDB/encryption-enabled.html"
    }
  },
  "Categories": [],
  "DependsOn": [],
  "RelatedTo": [],
  "Notes": ""
}
