{
  "Provider": "aws",
  "CheckID": "backup_plans_exist",
  "CheckTitle": "Ensure that there is at least one AWS Backup plan",
  "CheckType": [
    "Recover",
    "Resilience",
    "Backup"
  ],
  "ServiceName": "backup",
  "SubServiceName": "",
  "ResourceIdTemplate": "arn:partition:service:region:account-id:backup-plan:backup-plan-id",
  "Severity": "low",
  "ResourceType": "AwsBackupBackupPlan",
  "Description": "This check ensures that there is at least one backup plan in place.",
  "Risk": "Without a backup plan, an organization may be at risk of losing important data due to accidental deletion, system failures, or natural disasters. This can result in significant financial and reputational damage for the organization.",
  "RelatedUrl": "https://docs.aws.amazon.com/aws-backup/latest/devguide/about-backup-plans.html",
  "Remediation": {
    "Code": {
      "CLI": "aws backup create-backup-plan --backup-plan <backup_plan_name> --backup-plan-rule <backup_rule_name>",
      "NativeIaC": "",
      "Other": "",
      "Terraform": ""
    },
    "Recommendation": {
      "Text": "Use AWS Backup to create backup plans for your critical data and services.",
      "Url": "https://docs.aws.amazon.com/aws-backup/latest/devguide/about-backup-plans.html"
    }
  },
  "Categories": [],
  "DependsOn": [],
  "RelatedTo": [],
  "Notes": ""
}
