{
  "Provider": "aws",
  "CheckID": "ec2_instance_imdsv2_enabled",
  "CheckTitle": "Check if EC2 Instance Metadata Service Version 2 (IMDSv2) is Enabled and Required.",
  "CheckType": [
    "Infrastructure Security"
  ],
  "ServiceName": "ec2",
  "SubServiceName": "",
  "ResourceIdTemplate": "arn:partition:service:region:account-id:resource-id",
  "Severity": "medium",
  "ResourceType": "AwsEc2Instance",
  "Description": "Check if EC2 Instance Metadata Service Version 2 (IMDSv2) is Enabled and Required.",
  "Risk": "Using IMDSv2 will protect from misconfiguration and SSRF vulnerabilities. IMDSv1 will not.",
  "RelatedUrl": "",
  "Remediation": {
    "Code": {
      "CLI": "aws ec2 modify-instance-metadata-options --instance-id <instance-id> --http-tokens required --http-endpoint enabled",
      "NativeIaC": "https://docs.prowler.com/checks/aws/general-policies/bc_aws_general_31#cloudformation",
      "Other": "https://www.trendmicro.com/cloudoneconformity/knowledge-base/aws/EC2/require-imds-v2.html",
      "Terraform": "https://docs.prowler.com/checks/aws/general-policies/bc_aws_general_31#terraform"
    },
    "Recommendation": {
      "Text": "If you don't need IMDS you can turn it off. Using aws-cli you can force the instance to use only IMDSv2.",
      "Url": "https://docs.aws.amazon.com/AWSEC2/latest/UserGuide/configuring-instance-metadata-service.html#configuring-instance-metadata-options"
    }
  },
  "Categories": [],
  "DependsOn": [],
  "RelatedTo": [],
  "Notes": ""
}
