{
  "Provider": "aws",
  "CheckID": "cloudfront_distributions_field_level_encryption_enabled",
  "CheckTitle": "Check if CloudFront distributions have Field Level Encryption enabled.",
  "CheckType": [],
  "ServiceName": "cloudfront",
  "SubServiceName": "",
  "ResourceIdTemplate": "arn:partition:cloudfront:region:account-id:distribution/resource-id",
  "Severity": "low",
  "ResourceType": "AwsCloudFrontDistribution",
  "Description": "Check if CloudFront distributions have Field Level Encryption enabled.",
  "Risk": "Allows you protect specific data throughout system processing so that only certain applications can see it.",
  "RelatedUrl": "https://docs.aws.amazon.com/AmazonCloudFront/latest/DeveloperGuide/field-level-encryption.html",
  "Remediation": {
    "Code": {
      "CLI": "https://www.trendmicro.com/cloudoneconformity/knowledge-base/aws/CloudFront/field-level-encryption-enabled.html",
      "NativeIaC": "",
      "Other": "",
      "Terraform": ""
    },
    "Recommendation": {
      "Text": "Check if applicable to any sensitive data. This encryption ensures that only applications that need the data—and have the credentials to decrypt it - are able to do so.",
      "Url": "https://docs.aws.amazon.com/AmazonCloudFront/latest/DeveloperGuide/field-level-encryption.html"
    }
  },
  "Categories": [
    "encryption"
  ],
  "DependsOn": [],
  "RelatedTo": [],
  "Notes": "Data Protection"
}
