{
  "Provider": "aws",
  "CheckID": "ec2_ebs_default_encryption",
  "CheckTitle": "Check if EBS Default Encryption is activated.",
  "CheckType": [
    "Data Protection"
  ],
  "ServiceName": "ec2",
  "SubServiceName": "ebs",
  "ResourceIdTemplate": "arn:partition:service:region:account-id:resource-id",
  "Severity": "medium",
  "ResourceType": "Other",
  "Description": "Check if EBS Default Encryption is activated.",
  "Risk": "If not enabled sensitive information at rest is not protected.",
  "RelatedUrl": "",
  "Remediation": {
    "Code": {
      "CLI": "aws ec2 enable-ebs-encryption-by-default",
      "NativeIaC": "",
      "Other": "https://docs.prowler.com/checks/aws/general-policies/ensure-ebs-default-encryption-is-enabled#aws-console",
      "Terraform": "https://docs.prowler.com/checks/aws/general-policies/ensure-ebs-default-encryption-is-enabled#terraform"
    },
    "Recommendation": {
      "Text": "Enable Encryption. Use a CMK where possible. It will provide additional management and privacy benefits.",
      "Url": "https://aws.amazon.com/premiumsupport/knowledge-center/ebs-automatic-encryption/"
    }
  },
  "Categories": [
    "encryption"
  ],
  "DependsOn": [],
  "RelatedTo": [],
  "Notes": ""
}
