{
  "Provider": "aws",
  "CheckID": "cloudfront_distributions_using_deprecated_ssl_protocols",
  "CheckTitle": "Check if CloudFront distributions are using deprecated SSL protocols.",
  "CheckType": [],
  "ServiceName": "cloudfront",
  "SubServiceName": "",
  "ResourceIdTemplate": "arn:partition:cloudfront:region:account-id:distribution/resource-id",
  "Severity": "low",
  "ResourceType": "AwsCloudFrontDistribution",
  "Description": "Check if CloudFront distributions are using deprecated SSL protocols.",
  "Risk": "Using insecure ciphers could affect privacy of in transit information.",
  "RelatedUrl": "https://docs.aws.amazon.com/AmazonCloudFront/latest/DeveloperGuide/secure-connections-supported-viewer-protocols-ciphers.html",
  "Remediation": {
    "Code": {
      "CLI": "https://docs.prowler.com/checks/aws/networking-policies/networking_33#cli-command",
      "NativeIaC": "",
      "Other": "https://docs.prowler.com/checks/aws/networking-policies/networking_33#aws-cloudfront-console",
      "Terraform": ""
    },
    "Recommendation": {
      "Text": "Use a Security policy with ciphers that are as strong as possible. Drop legacy and insecure ciphers.",
      "Url": "https://docs.aws.amazon.com/AmazonCloudFront/latest/DeveloperGuide/secure-connections-supported-viewer-protocols-ciphers.html"
    }
  },
  "Categories": [
    "encryption"
  ],
  "DependsOn": [],
  "RelatedTo": [],
  "Notes": ""
}
