{
  "Provider": "aws",
  "CheckID": "acm_certificates_expiration_check",
  "CheckTitle": "Check if ACM Certificates are about to expire in specific days or less",
  "CheckType": [
    "Data Protection"
  ],
  "ServiceName": "acm",
  "SubServiceName": "",
  "ResourceIdTemplate": "arn:partition:acm:region:account-id:certificate/resource-id",
  "Severity": "high",
  "ResourceType": "AwsCertificateManagerCertificate",
  "Description": "Check if ACM Certificates are about to expire in specific days or less",
  "Risk": "Expired certificates can impact service availability.",
  "RelatedUrl": "https://docs.aws.amazon.com/config/latest/developerguide/acm-certificate-expiration-check.html",
  "Remediation": {
    "Code": {
      "CLI": "",
      "NativeIaC": "",
      "Other": "",
      "Terraform": ""
    },
    "Recommendation": {
      "Text": "Monitor certificate expiration and take automated action to renew, replace or remove. Having shorter TTL for any security artifact is a general recommendation, but requires additional automation in place. If not longer required delete certificate. Use AWS config using the managed rule: acm-certificate-expiration-check.",
      "Url": "https://docs.aws.amazon.com/config/latest/developerguide/acm-certificate-expiration-check.html"
    }
  },
  "Categories": [],
  "DependsOn": [],
  "RelatedTo": [],
  "Notes": ""
}
