{
  "Provider": "aws",
  "CheckID": "cloudwatch_log_group_kms_encryption_enabled",
  "CheckTitle": "Check if CloudWatch log groups are protected by AWS KMS.",
  "CheckType": [
    "Data Protection"
  ],
  "ServiceName": "cloudwatch",
  "SubServiceName": "logs",
  "ResourceIdTemplate": "arn:partition:cloudwatch:region:account-id:certificate/resource-id",
  "Severity": "medium",
  "ResourceType": "AwsLogsLogGroup",
  "Description": "Check if CloudWatch log groups are protected by AWS KMS.",
  "Risk": "Using customer managed KMS to encrypt CloudWatch log group provide additional confidentiality and control over the log data.",
  "RelatedUrl": "https://docs.aws.amazon.com/cli/latest/reference/logs/associate-kms-key.html",
  "Remediation": {
    "Code": {
      "CLI": "associate-kms-key --log-group-name <value> --kms-key-id <value>",
      "NativeIaC": "",
      "Other": "https://docs.prowler.com/checks/aws/logging-policies/logging_21#aws-console",
      "Terraform": ""
    },
    "Recommendation": {
      "Text": "Associate KMS Key with Cloudwatch log group.",
      "Url": "https://docs.aws.amazon.com/cli/latest/reference/logs/associate-kms-key.html"
    }
  },
  "Categories": [
    "encryption"
  ],
  "DependsOn": [],
  "RelatedTo": [],
  "Notes": ""
}
