{
  "Provider": "aws",
  "CheckID": "dynamodb_accelerator_cluster_encryption_enabled",
  "CheckTitle": "Check if DynamoDB DAX Clusters are encrypted at rest.",
  "CheckType": [
    "Software and Configuration Checks/Industry and Regulatory Standards/CIS AWS Foundations Benchmark"
  ],
  "ServiceName": "dynamodb",
  "SubServiceName": "",
  "ResourceIdTemplate": "arn:partition:dynamodb:region:account-id:certificate/resource-id",
  "Severity": "medium",
  "ResourceType": "AwsDaxCluster",
  "Description": "Check if DynamoDB DAX Clusters are encrypted at rest.",
  "Risk": "Encryption at rest provides an additional layer of data protection by securing your data from unauthorized access to the underlying storage.",
  "RelatedUrl": "https://docs.aws.amazon.com/amazondynamodb/latest/developerguide/DAXEncryptionAtRest.html",
  "Remediation": {
    "Code": {
      "CLI": "aws dax create-cluster --cluster-name <cluster_name> --node-type <node_type> --replication-factor <nodes_number> --iam-role-arn <role_arn> --sse-specification Enabled=true",
      "NativeIaC": "https://docs.prowler.com/checks/aws/general-policies/bc_aws_general_23#cloudformation",
      "Other": "",
      "Terraform": "https://docs.prowler.com/checks/aws/general-policies/bc_aws_general_23#terraform"
    },
    "Recommendation": {
      "Text": "Re-create the cluster to enable encryption at rest if it was not enabled at creation.",
      "Url": "https://docs.aws.amazon.com/amazondynamodb/latest/developerguide/DAXEncryptionAtRest.html"
    }
  },
  "Categories": [
    "encryption"
  ],
  "DependsOn": [],
  "RelatedTo": [],
  "Notes": "Data Protection"
}
