{
  "Provider": "aws",
  "CheckID": "cloudtrail_cloudwatch_logging_enabled",
  "CheckTitle": "Ensure CloudTrail trails are integrated with CloudWatch Logs",
  "CheckType": [
    "Software and Configuration Checks",
    "Industry and Regulatory Standards",
    "CIS AWS Foundations Benchmark"
  ],
  "ServiceName": "cloudtrail",
  "SubServiceName": "",
  "ResourceIdTemplate": "arn:partition:service:region:account-id:resource-id",
  "Severity": "low",
  "ResourceType": "AwsCloudTrailTrail",
  "Description": "Ensure CloudTrail trails are integrated with CloudWatch Logs",
  "Risk": "Sending CloudTrail logs to CloudWatch Logs will facilitate real-time and historic activity logging based on user, API, resource, and IP address, and provides opportunity to establish alarms and notifications for anomalous or sensitivity account activity.",
  "RelatedUrl": "",
  "Remediation": {
    "Code": {
      "CLI": "aws cloudtrail update-trail --name <trail_name> --cloudwatch-logs-log-group- arn <cloudtrail_log_group_arn> --cloudwatch-logs-role-arn <cloudtrail_cloudwatchLogs_role_arn>",
      "NativeIaC": "",
      "Other": "https://docs.prowler.com/checks/aws/logging-policies/logging_4#aws-console",
      "Terraform": ""
    },
    "Recommendation": {
      "Text": "Validate that the trails in CloudTrail have an arn set in the CloudWatchLogsLogGroupArn property.",
      "Url": "https://docs.aws.amazon.com/awscloudtrail/latest/userguide/send-cloudtrail-events-to-cloudwatch-logs.html"
    }
  },
  "Categories": [
    "forensics-ready"
  ],
  "DependsOn": [],
  "RelatedTo": [],
  "Notes": ""
}
