{
  "Provider": "aws",
  "CheckID": "account_security_contact_information_is_registered",
  "CheckTitle": "Ensure security contact information is registered.",
  "CheckType": [
    "IAM"
  ],
  "ServiceName": "account",
  "SubServiceName": "",
  "ResourceIdTemplate": "arn:partition:access-recorder:region:account-id:recorder/resource-id",
  "Severity": "medium",
  "ResourceType": "Other",
  "Description": "Ensure security contact information is registered.",
  "Risk": "AWS provides customers with the option of specifying the contact information for accounts security team. It is recommended that this information be provided. Specifying security-specific contact information will help ensure that security advisories sent by AWS reach the team in your organization that is best equipped to respond to them.",
  "RelatedUrl": "",
  "Remediation": {
    "Code": {
      "CLI": "No command available.",
      "NativeIaC": "",
      "Other": "https://docs.prowler.com/checks/aws/iam-policies/iam_19#aws-console",
      "Terraform": ""
    },
    "Recommendation": {
      "Text": "Go to the My Account section and complete alternate contacts.",
      "Url": "https://docs.aws.amazon.com/accounts/latest/reference/manage-acct-update-contact.html"
    }
  },
  "Categories": [],
  "DependsOn": [],
  "RelatedTo": [],
  "Notes": ""
}
