{
  "Provider": "aws",
  "CheckID": "directoryservice_directory_snapshots_limit",
  "CheckTitle": "Directory Service Manual Snapshots limit reached.",
  "CheckType": [],
  "ServiceName": "directoryservice",
  "SubServiceName": "",
  "ResourceIdTemplate": "arn:partition:codeartifact:region:account-id:directory/directory-id",
  "Severity": "low",
  "ResourceType": "AwsDirectoryService",
  "Description": "Directory Service Manual Snapshots limit reached.",
  "Risk": "A limit reached can bring unwanted results. The maximum number of manual snapshots is a hard limit.",
  "RelatedUrl": "https://docs.aws.amazon.com/general/latest/gr/ds_region.html",
  "Remediation": {
    "Code": {
      "CLI": "",
      "NativeIaC": "",
      "Other": "",
      "Terraform": ""
    },
    "Recommendation": {
      "Text": "Monitor manual snapshots limit to ensure capacity when you need it.",
      "Url": "https://docs.aws.amazon.com/general/latest/gr/ds_region.html"
    }
  },
  "Categories": [],
  "DependsOn": [],
  "RelatedTo": [],
  "Notes": ""
}
