{
  "Provider": "aws",
  "CheckID": "ec2_ebs_volume_encryption",
  "CheckTitle": "Ensure there are no EBS Volumes unencrypted.",
  "CheckType": [
    "Data Protection"
  ],
  "ServiceName": "ec2",
  "SubServiceName": "volume",
  "ResourceIdTemplate": "arn:partition:service:region:account-id:resource-id",
  "Severity": "medium",
  "ResourceType": "AwsEc2Volume",
  "Description": "Ensure there are no EBS Volumes unencrypted.",
  "Risk": "Data encryption at rest prevents data visibility in the event of its unauthorized access or theft.",
  "RelatedUrl": "",
  "Remediation": {
    "Code": {
      "CLI": "",
      "NativeIaC": "",
      "Other": "",
      "Terraform": ""
    },
    "Recommendation": {
      "Text": "Encrypt all EBS volumes and Enable Encryption by default You can configure your AWS account to enforce the encryption of the new EBS volumes and snapshot copies that you create. For example, Amazon EBS encrypts the EBS volumes created when you launch an instance and the snapshots that you copy from an unencrypted snapshot.",
      "Url": "https://docs.aws.amazon.com/AWSEC2/latest/UserGuide/EBSEncryption.html"
    }
  },
  "Categories": [
    "encryption"
  ],
  "DependsOn": [],
  "RelatedTo": [],
  "Notes": ""
}
