{
  "Provider": "aws",
  "CheckID": "autoscaling_group_multiple_az",
  "CheckTitle": "EC2 Auto Scaling Group should use multiple Availability Zones",
  "CheckType": [],
  "ServiceName": "autoscaling",
  "SubServiceName": "",
  "ResourceIdTemplate": "arn:partition:autoscaling:region:account-id:autoScalingGroupName/resource-name",
  "Severity": "medium",
  "ResourceType": "Other",
  "Description": "EC2 Auto Scaling Group should use multiple Availability Zones",
  "Risk": "In case of a failure in a single Availability Zone, the Auto Scaling Group will not be able to launch new instances to replace the failed ones.",
  "RelatedUrl": "https://docs.aws.amazon.com/autoscaling/ec2/userguide/as-add-availability-zone.html",
  "Remediation": {
    "Code": {
      "CLI": "aws autoscaling update-auto-scaling-group",
      "NativeIaC": "",
      "Other": "https://www.trendmicro.com/cloudoneconformity/knowledge-base/aws/AutoScaling/multiple-availability-zones.html",
      "Terraform": ""
    },
    "Recommendation": {
      "Text": "Configure multiple Availability Zones for EC2 Auto Scaling Group",
      "Url": "https://docs.aws.amazon.com/autoscaling/ec2/userguide/as-add-availability-zone.html"
    }
  },
  "Categories": [],
  "DependsOn": [],
  "RelatedTo": [],
  "Notes": ""
}
