{
  "Provider": "aws",
  "CheckID": "ecr_registry_scan_images_on_push_enabled",
  "CheckTitle": "Check if ECR Registry has scan on push enabled",
  "CheckType": [
    "Identify",
    "Vulnerability, patch, and version management"
  ],
  "ServiceName": "ecr",
  "SubServiceName": "",
  "ResourceIdTemplate": "arn:partition:ecr:region:account-id:resource-id",
  "Severity": "medium",
  "ResourceType": "AwsEcrRegistry",
  "Description": "Check if ECR Registry has scan on push enabled",
  "Risk": "Amazon ECR image scanning helps in identifying software vulnerabilities in your container images. Amazon ECR uses the Common Vulnerabilities and Exposures (CVEs) database from the open-source Clair project and provides a list of scan findings. ",
  "RelatedUrl": "",
  "Remediation": {
    "Code": {
      "CLI": "aws ecr put-registry-scanning-configuration --rules 'scanFrequency=SCAN_ON_PUSH,repositoryFilters=[{filter=string,filterType=WILDCARD}]'",
      "NativeIaC": "",
      "Other": "",
      "Terraform": ""
    },
    "Recommendation": {
      "Text": "Enable ECR image scanning and review the scan findings for information about the security of the container images that are being deployed.",
      "Url": "https://docs.aws.amazon.com/AmazonECR/latest/userguide/image-scanning.html"
    }
  },
  "Categories": [],
  "DependsOn": [],
  "RelatedTo": [],
  "Notes": ""
}
